"","treeName","tree_num","tree_spp","Bac_Shannon_soil","Bac_Simpson_soil","Bac_Invsimpson_soil","Bac_Richness_soil","TreeSpecies","Copiotroph_rel_abund_soil","Oligotroph_rel_abund_soil","OtherBacteria_rel_abund_soil","Copiotroph_richness_soil","Oligotroph_richness_soil","OtherBacteria_richness_soil","Fungal_Shannon_soil","Fungal_Simpson_soil","Fungal_Invsimpson_soil","Fungal_Richness_soil","AMF_abund_soil","ECM_abund_soil","Endo_abund_soil","Other_abund_soil","Path_abund_soil","Sap_abund_soil","AMF_richness_soil","ECM_richness_soil","Endo_richness_soil","Other_richness_soil","Path_richness_soil","Sap_richness_soil","AMF_Shannon_soil","AMF_Simpson_soil","AMF_Invsimpson_soil","AMF_Richness_soil","Bac_Shannon_root","Bac_Simpson_root","Bac_Invsimpson_root","Bac_Richness_root","Copiotroph_rel_abund_root","Oligotroph_rel_abund_root","OtherBacteria_rel_abund_root","Copiotroph_richness_root","Oligotroph_richness_root","OtherBacteria_richness_root","Fungal_Shannon_root","Fungal_Simpson_root","Fungal_Invsimpson_root","Fungal_Richness_root","AMF_abund_root","ECM_abund_root","Endo_abund_root","Other_abund_root","Path_abund_root","Sap_abund_root","AMF_richness_root","ECM_richness_root","Endo_richness_root","Other_richness_root","Path_richness_root","Sap_richness_root","AMF_Shannon_root","AMF_Simpson_root","AMF_Invsimpson_root","AMF_Richness_root","perc_N","perc_C","CN_ratio","ergosterol","tot_P","perc_P","soil_moisture","organic_matter_LOI","dbh_cm","height_m","litter_depth","pine_litter_prop","euc_litter_prop","latitude","longitude","lomandra_n","lomandra_p","lomandra_k","lomandra_c","total_litter_biomass","Water_BiologDay1","Pyruvic_Acid_Methyl_Ester_BiologDay1","Tween_40_BiologDay1","Tween_80_BiologDay1","a.Cyclodextrin_BiologDay1","Glycogen_BiologDay1","D.Cellobiose_BiologDay1","a.D.Lactose_BiologDay1","B.Methyl.D.Glucoside_BiologDay1","D.Xylose_BiologDay1","i.Erythritol_BiologDay1","D.Mannitol_BiologDay1","N.Acetyl.D.Glucosamine_BiologDay1","D.Glucosaminic_Acid_BiologDay1","Glucose.1.Phosphae_BiologDay1","D.L.a.Glycerol_Phosphate_BiologDay1","D.Galactonic_Acid_gamma_Lactone_BiologDay1","D.Galactonic_Acid_BiologDay1","X2.Hydroxy_Benzoic_Acid_BiologDay1","X4.Hydroxy_Benzoic_Acid_BiologDay1","gamma.Amino_Butyric_Acid_BiologDay1","Itaconic_Acid_BiologDay1","a.Keto_Butyric_Acid_BiologDay1","D.Malic_Acid_BiologDay1","L.Arginine_BiologDay1","L.Asparagine_BiologDay1","L.Phenylalanine_BiologDay1","L.Serine_BiologDay1","L.Threonine_BiologDay1","Glycyl.L.Glutamic_Acid_BiologDay1","Phenylethyl.amine_BiologDay1","Putrescine_BiologDay1","Water_BiologDay3","Pyruvic_Acid_Methyl_Ester_BiologDay3","Tween_40_BiologDay3","Tween_80_BiologDay3","a.Cyclodextrin_BiologDay3","Glycogen_BiologDay3","D.Cellobiose_BiologDay3","a.D.Lactose_BiologDay3","B.Methyl.D.Glucoside_BiologDay3","D.Xylose_BiologDay3","i.Erythritol_BiologDay3","D.Mannitol_BiologDay3","N.Acetyl.D.Glucosamine_BiologDay3","D.Glucosaminic_Acid_BiologDay3","Glucose.1.Phosphae_BiologDay3","D.L.a.Glycerol_Phosphate_BiologDay3","D.Galactonic_Acid_gamma_Lactone_BiologDay3","D.Galactonic_Acid_BiologDay3","X2.Hydroxy_Benzoic_Acid_BiologDay3","X4.Hydroxy_Benzoic_Acid_BiologDay3","gamma.Amino_Butyric_Acid_BiologDay3","Itaconic_Acid_BiologDay3","a.Keto_Butyric_Acid_BiologDay3","D.Malic_Acid_BiologDay3","L.Arginine_BiologDay3","L.Asparagine_BiologDay3","L.Phenylalanine_BiologDay3","L.Serine_BiologDay3","L.Threonine_BiologDay3","Glycyl.L.Glutamic_Acid_BiologDay3","Phenylethyl.amine_BiologDay3","Putrescine_BiologDay3","Water_BiologDay5","Pyruvic_Acid_Methyl_Ester_BiologDay5","Tween_40_BiologDay5","Tween_80_BiologDay5","a.Cyclodextrin_BiologDay5","Glycogen_BiologDay5","D.Cellobiose_BiologDay5","a.D.Lactose_BiologDay5","B.Methyl.D.Glucoside_BiologDay5","D.Xylose_BiologDay5","i.Erythritol_BiologDay5","D.Mannitol_BiologDay5","N.Acetyl.D.Glucosamine_BiologDay5","D.Glucosaminic_Acid_BiologDay5","Glucose.1.Phosphae_BiologDay5","D.L.a.Glycerol_Phosphate_BiologDay5","D.Galactonic_Acid_gamma_Lactone_BiologDay5","D.Galactonic_Acid_BiologDay5","X2.Hydroxy_Benzoic_Acid_BiologDay5","X4.Hydroxy_Benzoic_Acid_BiologDay5","gamma.Amino_Butyric_Acid_BiologDay5","Itaconic_Acid_BiologDay5","a.Keto_Butyric_Acid_BiologDay5","D.Malic_Acid_BiologDay5","L.Arginine_BiologDay5","L.Asparagine_BiologDay5","L.Phenylalanine_BiologDay5","L.Serine_BiologDay5","L.Threonine_BiologDay5","Glycyl.L.Glutamic_Acid_BiologDay5","Phenylethyl.amine_BiologDay5","Putrescine_BiologDay5","Euc_leafLitter_ergosterol","Euc_leafLitter_totP","Euc_leafLitter_percP","Euc_leafLitter_percN","Euc_leafLitter_percC","Pine_leafLitter_ergosterol","Pine_leafLitter_totP","Pine_leafLitter_percP","Pine_leafLitter_percN","Pine_leafLitter_percC","Euc_Bark_ergosterol","Euc_Bark_totP","Euc_Bark_percP","Euc_Bark_percN","Euc_Bark_percC","Litter_OLayer_ergosterol","Litter_OLayer_totP","Litter_OLayer_percP","Litter_OLayer_percN","Litter_OLayer_percC","Litter_avg_ergosterol","Litter_avg_totP","Litter_avg_percP","Litter_avg_percN","Litter_avg_percC","Understory_richness_perTree"
"1","E1",1,"euc",6.47272176,0.995057022,202.307178,2197,"Eucalyptus",0.417381607,0.154252353,0.42836604,565,497,1135,4.417587562,0.969094033,32.3562117,819,5.93e-05,0.296124859,0.01824323,0.087551678,0.016917888,0.581103001,2,54,16,220,67,460,2.743291835,0.899528425,9.953063805,37,5.91389528,0.99270471,137.0747491,1434,0.418696955,0.092087611,0.489215434,476,223,735,2.93004644,0.827234055,5.788177755,303,0,0.422007472,0.036132922,0.067221439,0.017079391,0.457558777,0,16,10,83,33,161,2.073181413,0.815708612,5.426189535,25,0.11,2.88,25.5,5.0787,11.49324,0.004589952,0.111125,0.052125,46.6,9.8,2.45,0.088461538,0.732692308,"34¡31'16.08""S","150¡15'18.740""E",1.26,0.066,1.15,46.3,319.24,0.077666667,0,0.040666666,0.009,0,0.009,0,0,0,0.03,0.000333333,0.000333333,0,0,0.051666666,0.001666666,0.010666666,0,0.001,0,0.001333333,0,0,0,0.001333333,0.001666666,0.001333333,0,0,0.000333333,0.006333333,0,0.094333333,0.340333334,0.216666667,0.629333334,0.028,0.037333334,0.658666667,0.008333334,0.507,0.024,0.012333334,0.361666667,0.759,0.111,0.057333334,0.219333334,0.275333334,0.27,0,0.773666667,0.894333334,0.001,0.011333334,0.187333334,0.48,0.816666667,0.033666667,1.148,0.003,0.015333334,0.004666667,0.568666667,0.095666667,0.985333333,1.571666666,1.222666666,0.432,0.622,1.244,0.041,1.069666666,0.146666666,0.020666666,1.740333333,1.683333333,0.861333333,0.035,0.189,1.03,0.766666666,0,1.947,1.808,0.056666666,0.054,1.178666666,1.847666666,2.079666666,0.802666666,1.834333333,0.322,0.196666666,0.009,1.346666666,167.4490777,8.0575,0.0191,0.66,50.26,215.8698634,6.2905,0.0155,0.49,50.99,96.68803809,3.3429,0.0085,0.34,48.35,176.5600262,8.6099,0.0208,0.67,53.65,164.1417513475,6.5752,0.015975,0.54,50.8125,11
"2","E2",2,"euc",6.556925587,0.995585846,226.5439922,2220,"Eucalyptus",0.423574733,0.122830064,0.453595203,638,398,1184,3.818601565,0.939561327,16.54569753,610,0,0.349194561,0.023899648,0.05173306,0.013919102,0.56125363,0,34,11,176,60,329,1.564908231,0.684379767,3.168364681,17,5.513732701,0.984533308,64.65506856,1312,0.396148042,0.090956206,0.512895752,436,196,680,2.449364204,0.826241507,5.755114378,192,0,0.544511053,0.039221528,0.019735402,0.017333836,0.379198181,0,18,5,40,21,108,3.26828287,0.94982323,19.92954127,56,0.1,2.765,27.36813187,3.96295,17.41311,0.006955304,0.11498,0.06592,49.3,15.7,1.4125,0.035,0.8,"34¡31'15.400""S","150¡15'19.270""E",1.03,0.048,1.44,46,114.7525,0.091666667,0.001,0,0.004,0.014,0.025333333,0,0.001,0,0.018,0,0,0,0,0,0,0,0,0,0,0,0,0.002666666,0,0.002,0.003,0,0.001333333,0,0,0.003333333,0,0.117333333,0.482333334,0.348666667,0.547666667,0,0.106666667,0.326,0.001666667,0.626333334,0.004666667,0,0.414,0.897,0.123666667,0,0.393666667,0.694,1.067333334,0,0.991,0.651333334,0.529,0,0.321,0.341666667,1.088,0.016333334,0.292666667,0,0.017666667,0.003,0.123,0.098666667,1.12,1.496,1.529,0.785333333,1.181333333,2.217666666,0.443666666,2.250333333,0.609,0.548666666,1.818333333,2.504666666,1.211,0.987666666,0.482,1.046,1.450666666,0,2.331,1.627,1.762333333,0.06,1.781,1.787,2.294666666,1.033,1.245,0.572666666,0.645666666,0.277,1.170666666,126.3715961,7.0715,0.0171,0.62,53.01,176.4371566,5.8819,0.0154,0.42,50.39,126.6007112,4.4317,0.0112,0.51,42.54,404.031458,18.2406,0.0463,1.01,36.87,208.360230475,8.906425,0.0225,0.64,45.7025,2
"3","E3",3,"euc",6.881363086,0.996334395,272.8062307,2819,"Eucalyptus",0.410780155,0.131771355,0.45744849,741,489,1589,4.346101347,0.960691263,25.43963681,945,6.61e-05,0.226330313,0.00654407,0.090671984,0.024357169,0.652030315,3,44,21,283,82,512,3.139770957,0.939531898,16.53764496,47,5.749705006,0.990614423,106.5464603,990,0.508420053,0.055965738,0.435614208,390,103,497,3.409990968,0.923170275,13.01579568,475,0.000252712,0.089667684,0.018452499,0.084942869,0.014088702,0.792595534,5,24,15,145,41,245,2.706617821,0.890423979,9.126084245,44,0.14,3.87,27.48205128,6.4846,17.03559,0.006812742,0.099885,0.070705,34.5,16.7,2.5375,0.0475,0.9275,"34¡31'15.820""S","150¡15'21.760""E",1.14,0.059,1.67,46.6,167.037,0.094666667,0,0.123666666,0,0,0.000333333,0,0,0,0.018666666,0,0,0,0,0,0,0,0.003333333,0.021,0.005333333,0.001333333,0,0.064,0,0,0,0,0,0,0,0.002666666,0,0.109,0.868333333,0.760333333,0.633666667,0.037666667,0.075666667,0.365333333,0.041,0.675,0.027,0.009,0.886333333,1.547666667,0.249666667,0.282333333,0.358333333,1.347666667,0.843666667,0.007,0.648333333,0.834666667,0.425,0.053333333,0.739666667,0.643666667,0.984333333,0.018666667,0.668333333,0,0.051,0.435,0.634666667,0.147333333,1.392333334,1.636666667,1.471333334,0.321,1.117,1.955,1.913,2.196666667,0.59,0.553333334,2.151,2.511333334,1.392333334,1.369333334,0.940333334,2.056666667,1.779333334,0.003,1.804333334,1.658,1.554666667,0.356333334,1.077333334,1.694666667,2.017,0.765,1.555,0.477333334,0.866,1.217333334,1.413,219.3575174,5.6516,0.0137,0.73,54.63,240.3325567,9.4736,0.0231,0.73,50.51,197.4993481,4.4352,0.0112,0.41,49.42,272.8751134,14.775,0.0381,0.99,45.61,232.5161339,8.58385,0.021525,0.715,50.0425,4
"4","E4",4,"euc",6.562498298,0.99551839,223.1340824,2291,"Eucalyptus",0.36611788,0.193276805,0.440605315,516,599,1176,3.990917082,0.957697687,23.63936917,664,4.78e-05,0.220334121,0.002954874,0.044064912,0.020942308,0.711655972,2,54,12,175,52,369,2.787744867,0.886680512,8.824607428,48,5.850882571,0.99187853,123.130422,1285,0.313465945,0.205143186,0.481390869,390,234,661,2.356571738,0.791337276,4.792422809,176,0,0.259806825,0.015061025,0.432524285,0.006924418,0.285683447,0,16,9,32,14,105,2.20792827,0.726348928,3.65428863,47,0.105,2.775,26.35,3.6078,13.90796,0.00555208,0.12433,0.05101,45.8,17.3,3.5,0.0575,0.9375,"34¡31'15.990""S","150¡15'19.940""E",1.09,0.056,1.38,45.9,273.599,0.099333333,0,0,0,0,0.000333334,0,0,0,0.014333334,0,0,0,0,0,0,0.001,0,0,0,0,0,0,0,0,0,0,0,0,0,0,0,0.118666667,0.324333333,0.391666666,0.743666666,0,0.022,0.287333333,0.025,0,0.002,0,0.47,0.582333333,0.099666666,0.018666666,0.006,0.531666666,0.757666666,0,0.333333333,0.553666666,0,0,0.255,0.311666666,1.092,0.005,0.682333333,0,0.000666666,0.132666666,0.280666666,0.131666667,1.339666666,1.674333333,1.467666666,0.219666666,0.392333333,1.495666666,0.868666666,0.016,0.330666666,0.286333333,2.170333333,1.191333333,0.941666666,0.383333333,0.005333333,1.154333333,2.021666666,0.201666666,1.437333333,1.030666666,0.015666666,0,0.888,1.596333333,2.098666666,0.535666666,1.684,0,0.07,1.319666666,1.311333333,233.2696616,8.1134,0.0197,0.83,54.37,305.269101,10.1,0.0254,0.53,51.46,181.2153797,6.3408,0.0156,0.47,48.65,240.0003849,9.5348,0.0238,0.85,50.43,239.9386318,8.52225,0.021125,0.67,51.2275,11
"5","E5",5,"euc",6.715656425,0.99652823,288.0375015,2264,"Eucalyptus",0.378965694,0.158039812,0.462994495,545,455,1264,4.35307667,0.966384879,29.74851703,756,0.001959707,0.21719193,0.037010742,0.080532768,0.040307718,0.622997136,6,43,15,215,68,409,2.292109458,0.824451594,5.696434533,30,6.129281692,0.99429647,175.3300064,1331,0.496895032,0.098382412,0.404722556,441,201,689,2.704074401,0.822495895,5.633672535,327,0.000903281,0.020163562,0.090580625,0.088526389,0.038525418,0.761300725,5,9,11,109,43,150,1.2553242,0.633386827,2.727670674,23,0.11,2.93,27.025,4.6134,18.81187,0.007524748,0.082315,0.059165,20,8,1.7375,0.04,0.8925,"34¡31'15.390""S","150¡15'19.610""E",1.15,0.055,1.13,45.3,293.432,0.079,0,0,0,0,0,0,0,0,0.019333333,0,0,0,0,0,0,0,0,0,0,0,0,0,0,0,0,0,0,0,0,0,0,0.091666667,0.585,0.141,0.442333333,0,0.048,0,0,0.002333333,0.012333333,0.004333333,0.44,0.684,0.036,0.029333333,0.015333333,0.076,0.108333333,0,0.217333333,0.256666666,0,0.003333333,0,0.291,0.659666666,0.011,1.023,0,0.012666666,0.006333333,0.287,0.076333333,1.172333334,1.382,1.388,0,0.11,0.009333334,0.026333334,0.216333334,0.082666667,0.607,2.004666667,1.626,0.793333334,0.563666667,0.199333334,0.339666667,0.671333334,0.025,1.233,0.908666667,0.004333334,0.025666667,0.376333334,0.917333334,1.527333334,0.417666667,1.649666667,0.018333334,0.490333334,0.371333334,1.114666667,209.5412765,8.9681,0.0225,0.77,53.08,269.2392681,9.0939,0.0231,0.52,50.67,229.999769,7.2083,0.0186,0.44,49.36,251.860035,14.2765,0.0355,0.95,49.33,240.16008715,9.8867,0.024925,0.67,50.61,6
"6","E6",6,"euc",6.702806327,0.996305959,270.706223,2561,"Eucalyptus",0.35381239,0.217558154,0.428629455,597,656,1308,3.902704852,0.957267375,23.40132377,529,0.000179792,0.157397613,0.005138712,0.063671524,0.009930383,0.763681977,7,43,4,139,40,296,2.842027488,0.857800911,7.032393859,49,6.116451344,0.994885696,195.5300341,1494,0.347369171,0.122056571,0.530574258,512,234,748,3.814136078,0.95349532,21.50321205,477,0,0.067402099,0.036581712,0.06552095,0.026095413,0.804399825,0,21,12,133,52,259,3.445753798,0.943040835,17.55643724,93,0.09,2.505,27.25,2.7856,12.36565,0.004944282,0.098085,0.05488,35.7,10.3,1.8,0.09,0.86,"34¡31'15.190""S","150¡15'19.260""E",0.98,0.052,1.7,45.9,88.5765,0.123,0,0,0,0,0,0,0,0,0.019666667,0,0,0,0,0,0,0,0,0,0,0,0,0,0,0,0,0,0,0,0,0,0,0.134666667,0.436333333,0.131,0.316333333,0.009,0.031666666,0.008,0.000333333,0.055666666,0.008333333,0.002666666,0.208666666,0.353,0.203333333,0.016333333,0.011,0.421666666,0.695666666,0,0.037666666,0.675666666,0,0.003,0.425666666,0.873333333,1.030333333,0.021333333,0.724,0,0.006,0.152666666,0.141,0.122666667,1.315333333,1.708,1.505333333,0.207666666,0.029333333,0.014,0,1.139,0.095,0,1.594,1.743666666,1.338,0.716666666,0.383,0.979333333,2.298666666,0.073333333,0.819666666,1.867333333,0.021,0.008666666,1.290666666,2.497333333,2.541666666,0.718666666,1.980333333,0.026,0.057333333,1.310333333,1.002333333,196.0131094,6.2293,0.015,0.61,50.93,266.7948417,14.3935,0.0326,0.64,50.61,107.4539474,4.1186,0.0106,0.37,44.6,221.7387314,13.7709,0.0343,0.75,47.9,198.000157475,9.628075,0.023125,0.5925,48.51,8
"7","E7",7,"euc",6.591517525,0.995385163,216.6923557,2652,"Eucalyptus",0.368763076,0.173301622,0.457935302,639,595,1418,4.155826791,0.964763724,28.37984381,715,0.000589446,0.111251968,0.01695668,0.067261496,0.043183011,0.760757398,17,51,15,168,61,403,2.908173426,0.915809945,11.87788753,39,5.781691208,0.988336883,85.74037168,1324,0.404126695,0.155357064,0.440516241,438,209,677,3.562519953,0.946658333,18.74707076,333,0.000180511,0.097423912,0.041075848,0.076541591,0.024701562,0.760076575,6,23,14,75,38,177,2.778361613,0.901950005,10.19887868,51,0.08,2.255,28.1875,2.1523,14.13731,0.005650404,0.08633,0.04821,46,9.6,2.85,0.198872054,0.787710438,"34¡31'15.800""S","150¡15'21.280""E",1.03,0.057,1.66,46.4,246.6525,0.089333333,0,0.032333334,0.003,0.01,0.003666667,0,0,0,0.021333334,0,0,0,0,0,0.000666667,0.005333334,0.006,0,0,0,0,0,0.001666667,0,0,0,0,0,0,0,0,0.107,0.136333333,0.807666667,0.334333333,0.03,0.04,0.003,0,0.001666667,0.011333333,0,0.759333333,0.754666667,0.117,0,0.162333333,0.153666667,0.355,0,0,0.347,0.2,0,0.008,0.213666667,0.642,0.005,0.714666667,0.002333333,0.009666667,0,0.521666667,0.096666667,1.451666666,1.870333333,1.609666666,0.196666666,0.432,0.342666666,0.029,0.371,0.084,0.301,2.329,1.996,1.069666666,0.073,0.177666666,0.351,0.897,0.044666666,0.999666666,1.887,1.116,0.079333333,0.095333333,0.892,1.992,0.757333333,1.143333333,0.051666666,0.684666666,0,1.995666666,173.1627688,5.3097,0.0134,0.73,53.64,197.6985592,11.0968,0.0281,0.67,50.75,163.1611749,4.8184,0.0116,0.32,49.07,311.2332928,8.7756,0.022,0.69,40.54,211.313948925,7.500125,0.018775,0.6025,48.5,11
"8","E8",8,"euc",6.691061103,0.9959459,246.6638476,2575,"Eucalyptus",0.373736002,0.147413974,0.478850024,604,544,1427,4.452706178,0.972904262,36.90617386,906,0.000232733,0.120064131,0.019713308,0.116857594,0.056321274,0.686810961,4,49,20,263,85,485,3.213507456,0.947848171,19.17478277,43,6.243676005,0.992863718,140.1289962,1819,0.44165636,0.086568033,0.471775607,558,258,1003,2.838673541,0.816647575,5.453977501,410,0,0.494945229,0.027866108,0.027326797,0.033834147,0.416027719,0,18,19,116,49,208,2.645849243,0.889645296,9.061688926,44,0.125,3.27,26.25974026,2.9102,17.3151,0.006912216,0.151645,0.068845,45.7,11,3.8,0.157959427,0.838460621,"34¡31'16.480""S","150¡15'21.550""E",1.12,0.062,1.81,46.2,196.119,0.098333333,0,0.011666667,0,0,0,0,0,0.003333334,0.02,0,0,0,0,0,0,0.079,0.006666667,0,0,0,0,0.004,0.002333334,0,0.000333334,0,0,0,0,0.009666667,0,0.119333333,0.627,0.760666667,0.472666667,0,0.035,0.013666667,0,1.946,0.018666667,0,0.602666667,1.888,0.062333334,0.131333334,0.640333334,0.219666667,0.684666667,0,0.261333334,0.569333334,0.292666667,0.008,0.319,0.589333334,1.092,0.024666667,1.118,0.011666667,0.313,0.010666667,0.397333334,0.104333333,1.482,1.758666667,1.112333334,0,0.028333334,1.159,0.058666667,2.776,0.125,0.213333334,1.517666667,2.549,1.133333334,1.841,0.799666667,0.271666667,1.645666667,0,1.372666667,1.674,1.269666667,0.059666667,0.642666667,1.845,2.333,0.643,2.175,0.372,1.264,0.012,1.439,174.5639248,8.1349,0.0209,0.75,53.85,180.5155596,4.572,0.0118,0.55,51.41,122.2651371,4.1725,0.0099,0.46,49.48,235.5589192,9.1335,0.0231,0.51,38.84,178.225885175,6.503225,0.016425,0.5675,48.395,9
"9","E9",9,"euc",6.499608285,0.995052433,202.1195388,2259,"Eucalyptus",0.396263207,0.152192753,0.45154404,568,526,1165,4.295274608,0.968320477,31.56613181,908,8.25e-05,0.088239934,0.010652182,0.098293356,0.02155534,0.781176724,4,37,24,246,86,511,3.182119568,0.94192916,17.22034667,43,5.714194295,0.99003336,100.3347144,1492,0.325912334,0.182645026,0.49144264,422,226,844,2.358152491,0.762883083,4.217328792,228,1.37e-05,0.488986221,0.057377498,0.028998996,0.023770417,0.40085318,1,16,12,45,19,135,3.452188988,0.949903661,19.96153855,58,0.08,2.305,28.34126984,1.4569,18.43523,0.007362312,0.093525,0.05271,30,8.6,2.025,0.268333333,0.69,"34¡31'17.170""S","150¡15'20.350""E",NA,NA,NA,NA,98.81,0.088666667,0,0.150333333,0.006666666,0.010666666,0.002,0,0,0,0.014333333,0,0,0,0,0,0,0.000333333,0,0,0,0,0,0,0,0,0,0,0,0,0,0,0,0.104666667,0.487666666,0.543666666,0.711666666,0.002333333,0.023666666,0.043666666,0,0.316333333,0.011333333,0,0.396,0.153,0.060333333,0,0.081333333,0.228333333,0.748666666,0,0.281,0.674333333,0,0.016666666,0.477666666,0.340666666,0.944,0,0.728666666,0,0.014666666,0.177666666,0.378,0.115666667,1.004,1.345,1.466666666,0,0.056,0.800333333,0,1.616,0.527333333,0.291,1.586,1.116333333,1.019,0.041333333,0.179,0.451,1.778,0,1.585666666,1.846333333,0.089333333,0.193666666,0.652,1.332,1.892666666,0.268,1.363,0,0.252333333,0.962666666,0.869,146.9729605,6.0997,0.0157,0.6,54.31,225.3598475,3.7118,0.0094,0.54,51.17,258.4838309,6.5083,0.015,0.45,50.9,256.4862801,7.8327,0.0195,0.5,48.61,221.82572975,6.038125,0.0149,0.5225,51.2475,6
"10","P1",1,"pine",5.973319155,0.991416402,116.5012687,1783,"Pine",0.420678093,0.071440496,0.50788141,565,229,989,3.540946102,0.913916319,11.61660357,511,0,0.372894646,0.014892772,0.070950693,0.029907741,0.511354148,0,17,6,162,58,268,2.447739304,0.852003021,6.756894669,39,5.4642915,0.989445831,94.74928532,1001,0.339655236,0.168639031,0.491705733,332,160,509,2.791109545,0.864233701,7.365598158,233,0,0.391343253,0.01759105,0.036435924,0.033713946,0.520915828,0,18,4,46,25,140,1.918431322,0.70667271,3.409161151,45,0.155,3.665,23.62605042,8.404,21.51336,0.008591597,0.06314,0.06101,70,24.8,1.8,0.73,0.1375,"34¡31'15.600""S","150¡15'20.320""E",1.19,0.052,0.99,46.2,213.7885,0.095333333,0.006666667,0.197666667,0.014666667,0.001333334,0.012,0.004,0.000666667,0.007666667,0.032333334,0,0.004,0.012333334,0.002666667,0.003333334,0.000333334,0.077,0.019,0.013333334,0.008,0.002333334,0.004666667,0.016333334,0.000666667,0.014,0.009666667,0.005333334,0.006,0.009333334,0,0.007,0,0.107666667,0.173,0.700666666,0.673,0.003333333,0.041,0.024,0.047666666,0.008,0.050666666,0.012,0.645333333,0.128,0.019666666,0.005666666,0.058333333,0.316666666,0.674333333,0.010333333,0.094666666,0.492666666,0.009666666,0.023,0.005,0.268666666,0.504666666,0.014666666,1.056333333,0.007666666,0.007333333,0.006333333,0.022,0.102,0.974666667,1.651333333,1.502,0,0.066,0.708,0.641,0.054,0.172333333,0.036666667,2.033666667,0.933666667,1.109,0,0.252333333,0.938,1.646333333,0.053666667,1.648,1.330666667,0.011666667,0.039,0.083,2.224333333,1.444333333,0.278666667,2.086,0.023,0.067,0,0.610666667,123.9347397,3.1055,0.0078,0.64,54.1,229.7959699,21.0663,0.0496,0.82,51.06,NA,NA,NA,NA,NA,126.2977827,11.2336,0.0264,0.76,54.71,160.009497433333,11.8018,0.0279333333333333,0.74,53.29,1
"11","P2",2,"pine",6.64102913,0.995649877,229.8785811,2355,"Pine",0.405322856,0.155975274,0.438701871,645,475,1235,3.801233655,0.929019148,14.08830649,736,4.03e-05,0.146184257,0.032213965,0.05757008,0.031447499,0.732543859,3,48,19,201,81,384,2.052948223,0.763361044,4.225846912,34,5.882712138,0.992783663,138.5744505,1366,0.370693427,0.114903107,0.514403466,432,211,723,3.245732167,0.933166655,14.96259083,253,2.8e-05,0.197043149,0.042488636,0.067130925,0.034897781,0.658411518,2,20,8,53,34,136,3.198495597,0.931497963,14.59810614,64,0.12,3.455,29.08041959,7.2283,14.68522,0.005869392,0.08985,0.063715,15.5,10.6,2.225,0.345,0.625,"34¡31'15.450""S","150¡15'19.730""E",1.27,0.062,1.4,46.4,203.94,0.070666667,0,0,0.007666666,0,0.003,0,0,0,0.033333333,0.005666666,0.003333333,0,0.005666666,0,0.004333333,0.002333333,0.114666666,0.003333333,0,0,0,0,0.004666666,0.000333333,0.003333333,0,0.000666666,0,0,0,0,0.081,0.161333333,0.031,0.002666667,0,0.038333333,0.006333333,0.000666667,0.002333333,0.025,0.013333333,0.015,0.080666667,0.005333333,0.021,0.082333333,0.174,0.347333333,0,0.238,0.188333333,0.006666667,0,0.012,0.151666667,0.204,0,0.775666667,0,0.012333333,0,0.139666667,0.072666667,1.397666666,1.260333333,0.806,0,0.063666666,0.020666666,0.787333333,0.012666666,0.065666666,0.182,0.780666666,1.080333333,0.497333333,0.460666666,0.119666666,1.408666666,1.213333333,0.004333333,1.086333333,1.351333333,0.183,0.065,0.071,0.597,1.046,0.680333333,1.619,0.036,0.054666666,0.080333333,0.328666666,156.0546007,6.5677,0.0165,0.72,54.04,222.8290987,14.9063,0.0346,0.5,49.74,88.25940611,2.1446,0.0053,0.28,38.54,201.9152457,12.3024,0.0296,0.71,47.05,167.2645878025,8.98025,0.0215,0.5525,47.3425,8
"12","P3",3,"pine",6.341862531,0.995274336,211.6104724,1889,"Pine",0.331737709,0.182424073,0.485838218,470,459,960,3.792664261,0.955576157,22.51043433,474,0,0.225318764,0.020928872,0.048756923,0.009471063,0.695524378,0,44,6,106,51,267,2.550566644,0.894170056,9.449121517,27,5.622967573,0.990896431,109.8470295,1004,0.301408832,0.071615642,0.626975526,309,154,541,2.993612205,0.896168008,9.630943037,259,1.07e-05,0.348258414,0.040934765,0.014463296,0.004605362,0.591727465,1,23,8,52,26,149,2.823340361,0.910107196,11.12436095,40,0.115,3.265,28.12692308,13.5869,15.21509,0.006076314,0.08328,0.05694,26.5,8.7,1.625,0.18,0.5875,"34¡31'15.710""S","150¡15'19.070""E",1.25,0.068,1.56,46.5,201.2565,0.101333333,0.068,0.117666667,0.016,0,0.005666667,0,0,0.009,0.156333334,0,0,0,0.015,0,0,0.011,0.045333334,0,0,0,0,0.005,0,0,0.002,0,0,0,0,0,0,0.123333333,0.171,0.051333334,0.422666667,0.004,0.037,0.006666667,0,0.036333334,0.080333334,0,0.481333334,0.159666667,0.022666667,0.002,0,0.328666667,0.051666667,0,0.094333334,0.020333334,0,0,0.005666667,0.711666667,0.639666667,0.004333334,0.013333334,0,0.005333334,0,0.312333334,0.109666667,1.056333333,0.959666666,1.685666666,0.007333333,0.071,0.581333333,0.460333333,0.844,0.361666666,0.025,1.507,1.114,1.137,0.457,0.202333333,0.769,0.997333333,0.077666666,1.176,1.367666666,0.106333333,0.041666666,0.243333333,1.822333333,1.386333333,0.771666666,0.381666666,0.044,0.078666666,0.049333333,0.803333333,152.8744163,5.7704,0.0146,0.66,54.69,192.7654519,12.6696,0.0307,0.52,51.23,84.58443169,3.5732,0.009,0.36,49.07,182.7958449,8.7593,0.0223,0.62,50.25,153.2550361975,7.693125,0.01915,0.54,51.31,4
"13","P4",4,"pine",6.353336631,0.994783039,191.6824846,1948,"Pine",0.341260803,0.195617921,0.463121275,433,483,1032,4.102837086,0.961568699,26.02045683,650,2.88e-05,0.133439607,0.012143231,0.082218076,0.017448686,0.754721567,1,43,7,148,51,400,2.580769592,0.855445288,6.917795954,36,5.812151793,0.992972991,142.3080669,1171,0.312637393,0.174495289,0.512867319,343,215,613,3.341043911,0.940710965,16.86652504,247,0,0.20502917,0.011291436,0.085111436,0.097428958,0.601139001,0,18,10,55,22,142,1.867835914,0.759239149,4.153499198,34,0.09,2.31,25.44155844,2.9671,11.98472,0.004799648,0.06353,0.04643,29.3,20.5,2.3375,0.3525,0.555,"34¡31'15.680""S","150¡15'18.370""E",1.28,0.069,1.53,46.4,183.415,0.081666667,0,0.011,0,0,0,0,0,0,0.024333333,0,0,0.002333333,0.044333333,0,0,0.001,0,0,0,0,0.001666666,0.019666666,0,0,0,0,0,0,0.038333333,0,0,0.094666667,0.209,0.148333333,0.264,0,0.030333333,0.101666666,0.077666666,0.526666666,0.01,0.001,0.361333333,0.976333333,0.13,0.089,0.167333333,0.004333333,0.127333333,0,0,0.35,0.014666666,0.022333333,0.018333333,0,0.004,0.006333333,0.368,0,0.048,0,0.000333333,0.076333333,1.187666667,1.473333334,1.086,0.007,0.072,1.269,0.685333334,1.754333334,0.063,0.020333334,1.475666667,2.352333334,1.202333334,1.433,0.216,0.566666667,1.946333334,0.003666667,0.176,1.226,0.639333334,0.096666667,0.068666667,0.127666667,1.044,0.357333334,0.868333334,0.075666667,0.114333334,0.012,0.64,114.5090171,4.3039,0.0109,0.63,54.46,152.0992719,14.8685,0.0363,0.46,49.59,90.12098915,1.3528,0.0033,0.23,50.57,163.5824061,10.3248,0.0257,0.64,39.06,130.0779210625,7.7125,0.01905,0.49,48.42,6
"14","P5",5,"pine",5.951078859,0.992055724,125.8767891,1390,"Pine",0.349528171,0.128241276,0.522230552,400,226,764,4.04024997,0.964812631,28.41928848,517,0,0.209782525,0.00916062,0.091342278,0.029180583,0.660533994,0,26,9,150,43,289,2.653310089,0.884169247,8.633285846,43,6.067232955,0.991850724,122.7102824,1824,0.489614766,0.103477405,0.406907829,631,238,955,3.314054373,0.917897555,12.17990519,391,0,0.212115523,0.034259208,0.103948313,0.101463361,0.548213595,0,18,8,117,50,198,3.145908601,0.933021876,14.93024796,66,0.16,4.35,27.10980393,9.3315,15.89973,0.006352269,0.05285,0.082605,84.2,22.5,2.15,0.9025,0.08,"34¡31'16.250""S","150¡15'20.820""E",1.29,0.074,0.9,47.5,180.443,0.066333333,0,0.141,0.002333334,0,0.008333334,0,0,0,0.026,0,0,0,0,0,0,0.035666667,0,0,0,0,0,0,0,0,0,0,0,0,0,0,0,0.069666667,0.102333333,0.058666666,0.094666666,0,0.046,0.000333333,0.006666666,0.379,0.011666666,0,0.678333333,0.06,0.015,0.021666666,0.056666666,0.367666666,0.027666666,0,0,0.288666666,0,0,0.002,0,0.353,0,0,0,0.001,0,0.022666666,0.063666667,1.392,1.475333333,0.755,0.041,0.414,0.112333333,0.598666666,0.907666666,0.179,0,2.456,0.952333333,1.322666666,1.254,0.210666666,1.007333333,0.951666666,0,0.733,1.776666666,0.013333333,0.102,0.143,0.744,1.483333333,1.366,0.173666666,0.03,0.154666666,0.028333333,0.119333333,168.7968603,4.7232,0.0121,0.72,53.75,188.4381975,10.9223,0.0276,0.54,50.37,NA,NA,NA,NA,NA,110.0101245,7.7966,0.0193,0.45,45.14,155.7483941,7.81403333333333,0.0196666666666667,0.57,49.7533333333333,0
"15","P6",6,"pine",6.504128703,0.995265797,211.2287776,2184,"Pine",0.38236935,0.209110308,0.408520342,536,568,1080,4.304079172,0.96656644,29.91006617,950,6.82e-05,0.032725496,0.006059266,0.107456446,0.063207426,0.790483131,2,43,17,275,98,515,2.96763084,0.921683996,12.76878217,36,5.613774426,0.987223399,78.26807612,1282,0.273468506,0.22245471,0.504076784,371,291,620,2.989895011,0.892884183,9.335689409,275,0,0.352728149,0.005213387,0.047205891,0.090974244,0.503878329,0,21,6,73,31,144,3.305171195,0.936304587,15.69971765,78,0.095,2.74,29.08333334,3.0756,12.22386,0.004893459,0.088555,0.044735,36.6,20.9,2.1,0.6075,0.135,"34¡31'15.540""S","150¡15'21.050""E",1.11,0.055,1.08,46.2,49.27,0.096,0.009333333,0.053333333,0.003666667,0,0,0.002666667,0.000666667,0,0.045666667,0.000666667,0.002333333,0,0.009333333,0.000333333,0.000666667,0,0.005333333,0.002666667,0,0,0,0.000333333,0.005333333,0,0.008333333,0,0.000666667,0,0.002666667,0.006333333,0,0.116,0.613333333,0.727333333,0.638,0,0.027333333,0.230666667,0,1.459,0.039666667,0,0.694333333,1.36,0.270666667,0.005,0.535,0.607,0.607666667,0,1.218333333,0.516333333,0.382333333,0,0.390666667,0.719333333,1.117666667,0,0.977333333,0,0.005666667,0.177,0.402666667,0.098666667,1.308,1.613,1.416666666,0.242666666,0.691,1.894,0.908,2.287,0.553,0.103333333,1.919333333,2.136,1.223666666,1.078666666,0.713333333,0.781333333,1.316,0,2.023,1.324666666,1.546333333,0,1.042333333,1.748666666,1.907,0.775666666,1.445666666,0,0.341,0.709,0.964,251.9572793,3.9439,0.0098,0.9,53.11,182.192526,8.8044,0.0215,0.68,51.86,267.6379257,11.284,0.0285,0.67,45.49,192.2029099,12.934,0.0325,0.9,47.79,223.497660225,9.241575,0.023075,0.7875,49.5625,9
"16","P7",7,"pine",6.455869664,0.994881385,195.3653414,2144,"Pine",0.382996543,0.132810423,0.484193034,524,399,1221,4.090406928,0.958453035,24.06914661,620,0,0.190550403,0.010619776,0.092625823,0.011038334,0.695165664,0,44,11,161,62,342,2.652450479,0.904361384,10.4560275,33,5.709539905,0.987575964,80.48914489,1487,0.294447508,0.159081385,0.546471107,420,233,834,2.817862512,0.892850932,9.332792293,220,0,0.259044614,0.002280567,0.030922526,0.003363632,0.704388661,0,17,5,53,17,128,2.232801245,0.85201263,6.757333402,32,0.115,3.365,29.21590909,12.7919,14.35742,0.005733794,0.07957,0.0589,21.7,12.5,2.275,0.565,0.345,"34¡31'16.060""S","150¡15'21.740""E",1.18,0.067,1.51,46.5,213.705,0.089,0,0.116,0,0,0.004,0,0,0.002333333,0.024,0,0,0,0,0,0,0.000666667,0,0,0,0,0,0,0,0,0,0,0,0,0,0,0,0.102333333,0.390666667,0.34,0.103,0,0.041666667,0.278666667,0,0.229333334,0.026666667,0,0.563666667,0.63,0.071666667,0.033666667,0.034333334,0.334666667,0.512,0,0.060666667,0.153,0.127666667,0.007666667,0.016333334,0.221333334,0.986,0.022666667,0.005,0.002666667,0.012666667,0,0.286333334,0.087,1.488,1.277,0.804666667,0.477333333,0.611333333,1.272,0.198666667,1.397,0.135333333,0.175333333,2.338666667,1.629333333,1.158,0.603,0.142,1.150333333,1.561666667,0.036666667,0.903333333,1.273666667,0.833,0.107,0.213666667,1.568,2.021333333,0.325,0.020333333,0.334666667,0.119333333,0.025,1.378,136.9490296,2.787,0.007,0.65,55.07,192.7132372,9.517,0.0221,0.53,50.57,112.1156255,0.6851,0.0017,0.38,51.23,196.8836731,13.6233,0.033,0.77,45.78,159.66539135,6.6531,0.01595,0.5825,50.6625,5
"17","P8",8,"pine",6.236023995,0.992521494,133.7165554,2011,"Pine",0.397647672,0.137006676,0.465345652,558,385,1068,4.345729421,0.964514554,28.18056758,699,7.29e-05,0.094021604,0.016237248,0.181762803,0.04607775,0.661827666,1,20,17,215,79,367,1.900315098,0.733065484,3.74623715,37,6.037475905,0.992390677,131.417743,1569,0.429462961,0.119471564,0.451065475,475,251,843,3.160081759,0.897581556,9.763866386,325,0,0.035474516,0.067362914,0.101063326,0.130828863,0.66527038,0,15,9,84,32,185,2.19142737,0.812275954,5.326968066,33,0.13,3.5,26.98181818,9.2318,12.45123,0.004976511,0.09061,0.064415,43.4,12.4,2.0125,0.745,0.17,"34¡31'17.240""S","150¡15'21.220""E",1.07,0.055,1.67,46.7,199.475,0.075333333,0,0.131,0.005666667,0,0.012333334,0,0.016666667,0,0.026333334,0,0.002333334,0,0.001666667,0.004666667,0.000333334,0.051333334,0,0.001333334,0,0,0.006666667,0,0,0.006333334,0,0.000333334,0.001333334,0,0.003666667,0.001666667,0,0.092,0.320666667,0.482666667,0.425333333,0.006,0.038333333,0.004666667,0.004,0.006,0.013333333,0.001666667,0.751333333,0.141333333,0.107333333,0.006666667,0.123666667,0.172,0.475666667,0,0.366,0.466666667,0.081333333,0.000666667,0.603666667,0.226666667,0.646333333,0.01,0.678,0.003666667,0.018,0.058333333,0.318666667,0.079,1.122,1.545,1.102,0.092333333,0.353333333,0.379333333,0.72,0.016666667,0.040333333,0.241,2.236,1.382666667,1.324,0.005,0.140333333,0.761,1.363666667,0.059666667,1.619666667,1.528,0.864,0.024333333,1.444333333,1.265,1.614,0.626666667,1.130666667,0.016333333,0.099333333,0.634,0.905,137.1864087,7.2442,0.0177,0.61,51.47,196.9265956,2.7293,0.0065,0.48,51.11,NA,NA,NA,NA,NA,162.2598013,9.7383,0.0245,0.69,43.89,165.457601866667,6.5706,0.0162333333333333,0.593333333333333,48.8233333333333,8
"18","P9",9,"pine",6.734118532,0.995786289,237.3204985,2585,"Pine",0.41083491,0.170847841,0.418317248,651,591,1343,4.390646865,0.971114558,34.61951531,829,0.000270969,0.215811681,0.014382858,0.097295042,0.021139876,0.651099575,9,35,20,256,80,429,3.175747592,0.941459981,17.08233125,46,5.8474222,0.991204395,113.6931411,1497,0.502482949,0.096579878,0.400937173,489,219,789,3.101593032,0.918972742,12.34152581,276,4.41e-05,0.223758275,0.02847145,0.099326952,0.098232743,0.550166518,3,14,7,69,27,156,2.610069777,0.897685992,9.773832768,39,0.085,2.37,27.83333334,4.8207,11.34331,0.004531886,0.08722,0.05238,45,19.4,2.3625,0.328571429,0.657142857,"34¡31'17.300""S","150¡15'20.500""E",0.94,0.049,1.77,45.3,119.266,0.075666667,0,0.071333333,0.000666666,0,0,0,0,0,0.024666666,0,0.030666666,0,0,0,0,0.003,0,0,0,0,0,0,0,0,0.003333333,0,0,0,0,0,0,0.092333333,0.251666667,0.189666667,0.598666667,0,0.039333334,0,0,1.023666667,0.012666667,0.001666667,0.241333334,0.479666667,0.077666667,0.032333334,0.128666667,0.329333334,0.006333334,0,0.680333334,0.916333334,0,0,0.383666667,0.448666667,0.884666667,0.012666667,1.132666667,0,0.028333334,0.168,0.557333334,0.111333333,0.807333334,1.381666667,1.222666667,0.076,0.135666667,0.349666667,0,1.703333334,0.083666667,0,2.249666667,1.2,0.967,1.256666667,0.328333334,0.830333334,0.613333334,0,1.121,1.795,0.276666667,0,0.647666667,1.164666667,1.837666667,0.395333334,1.562,0.357666667,0.279,0.463,1.174333334,141.5467654,7.6058,0.0193,0.64,51.02,244.1622799,7.3324,0.0185,0.53,50.39,77.54464416,3.791,0.0094,0.32,49.91,314.7208035,10.8592,0.0271,0.91,51.04,194.49362324,7.3971,0.018575,0.6,50.59,8
